date,course_id,course_title,learners_total,learners_delta,reviews_total,reviews_delta
2026-03-13,244062,Анализ данных Python: с 0 до уверенного бизнес-пользователя,179,0,5,0
2026-03-13,223260,Аналитика и Data Science для менеджеров и гуманитариев,221,0,4,0
2026-03-13,220868,Power BI: от новичка до профессионала,348,0,2,0
2026-03-13,219647,Power BI Service: основное для бизнес-пользователей,385,0,3,0
2026-03-13,219191,Excel Power Query и Pivot:  от новичка до профессионала,218,0,1,0
2026-03-13,215033,Расширенный\Advanced DAX для бизнес-пользователей,757,0,18,0
2026-03-13,209880,Описательная статистика для оптимизации (тема: HR-аналитика),1418,0,37,0
2026-03-13,209760,Построение бизнес-ориентированной HR функции,52,0,2,0
2026-03-13,209479,Управление проектами преобразований (трансформационные проекты),63,0,7,0
2026-03-13,201431,Основы M в Power Query для бизнес-пользователей,76,0,4,0
2026-03-13,199534,Advanced\Расширенный Power Query для бизнес-пользователей,784,0,21,0
2026-03-13,192863,Практика оргпроектирования (организационный дизайн),186,0,2,0
2026-03-13,185696,SQL: от новичка до уверенного бизнес-пользователя,519,0,28,0
2026-03-13,175185,Excel: от новичка до аналитика,3015,0,48,0
2026-03-13,173117,Excel: основное для работы с массивами и базами данных,3358,0,113,0
2026-03-13,163258,Управление проектами: полное погружение в PMBOK-7,1750,0,86,0
2026-03-13,159477,Power Point:  от новичка до уверенного бизнес-пользователя,426,0,34,0
2026-03-13,153842,Аналитика в SPSS: от новичка до уверенного бизнес-пользователя,350,0,13,0
2026-03-13,146872,"Advanced Excel: поиск решений, аналитика и прогнозирование",3643,0,69,0
2026-03-13,144530,Excel Power Query и Pivot (+BI): с 0 до бизнес-пользователя,5096,0,188,0
2026-03-13,138385,Power BI: от новичка до уверенного бизнес-пользователя,3202,0,157,0
2026-03-13,119119,Excel: от новичка до уверенного бизнес-пользователя,4546,0,310,0
2026-03-14,244062,Анализ данных Python: с 0 до уверенного бизнес-пользователя,179,0,6,1
2026-03-14,223260,Аналитика и Data Science для менеджеров и гуманитариев,221,0,5,1
2026-03-14,220868,Power BI: от новичка до профессионала,349,1,2,0
2026-03-14,219647,Power BI Service: основное для бизнес-пользователей,386,1,3,0
2026-03-14,219191,Excel Power Query и Pivot:  от новичка до профессионала,219,1,1,0
2026-03-14,215033,Расширенный\Advanced DAX для бизнес-пользователей,760,3,18,0
2026-03-14,209880,Описательная статистика для оптимизации (тема: HR-аналитика),1420,2,37,0
2026-03-14,209760,Построение бизнес-ориентированной HR функции,52,0,2,0
2026-03-14,209479,Управление проектами преобразований (трансформационные проекты),63,0,7,0
2026-03-14,201431,Основы M в Power Query для бизнес-пользователей,76,0,4,0
2026-03-14,199534,Advanced\Расширенный Power Query для бизнес-пользователей,786,2,21,0
2026-03-14,192863,Практика оргпроектирования (организационный дизайн),186,0,2,0
2026-03-14,185696,SQL: от новичка до уверенного бизнес-пользователя,519,0,28,0
2026-03-14,175185,Excel: от новичка до аналитика,3019,4,48,0
2026-03-14,173117,Excel: основное для работы с массивами и базами данных,3362,4,113,0
2026-03-14,163258,Управление проектами: полное погружение в PMBOK-7,1750,0,86,0
2026-03-14,159477,Power Point:  от новичка до уверенного бизнес-пользователя,426,0,34,0
2026-03-14,153842,Аналитика в SPSS: от новичка до уверенного бизнес-пользователя,350,0,13,0
2026-03-14,146872,"Advanced Excel: поиск решений, аналитика и прогнозирование",3647,4,69,0
2026-03-14,144530,Excel Power Query и Pivot (+BI): с 0 до бизнес-пользователя,5102,6,188,0
2026-03-14,138385,Power BI: от новичка до уверенного бизнес-пользователя,3206,4,157,0
2026-03-14,119119,Excel: от новичка до уверенного бизнес-пользователя,4552,6,310,0
2026-03-15,244062,Анализ данных Python: с 0 до уверенного бизнес-пользователя,179,0,6,0
2026-03-15,223260,Аналитика и Data Science для менеджеров и гуманитариев,222,1,5,0
2026-03-15,220868,Power BI: от новичка до профессионала,349,0,2,0
2026-03-15,219647,Power BI Service: основное для бизнес-пользователей,386,0,3,0
2026-03-15,219191,Excel Power Query и Pivot:  от новичка до профессионала,219,0,1,0
2026-03-15,215033,Расширенный\Advanced DAX для бизнес-пользователей,760,0,18,0
2026-03-15,209880,Описательная статистика для оптимизации (тема: HR-аналитика),1421,1,38,1
2026-03-15,209760,Построение бизнес-ориентированной HR функции,52,0,2,0
2026-03-15,209479,Управление проектами преобразований (трансформационные проекты),63,0,7,0
2026-03-15,201431,Основы M в Power Query для бизнес-пользователей,76,0,4,0
2026-03-15,199534,Advanced\Расширенный Power Query для бизнес-пользователей,786,0,21,0
2026-03-15,192863,Практика оргпроектирования (организационный дизайн),186,0,2,0
2026-03-15,185696,SQL: от новичка до уверенного бизнес-пользователя,519,0,28,0
2026-03-15,175185,Excel: от новичка до аналитика,3020,1,48,0
2026-03-15,173117,Excel: основное для работы с массивами и базами данных,3365,3,113,0
2026-03-15,163258,Управление проектами: полное погружение в PMBOK-7,1752,2,86,0
2026-03-15,159477,Power Point:  от новичка до уверенного бизнес-пользователя,427,1,34,0
2026-03-15,153842,Аналитика в SPSS: от новичка до уверенного бизнес-пользователя,351,1,13,0
2026-03-15,146872,"Advanced Excel: поиск решений, аналитика и прогнозирование",3649,2,69,0
2026-03-15,144530,Excel Power Query и Pivot (+BI): с 0 до бизнес-пользователя,5105,3,188,0
2026-03-15,138385,Power BI: от новичка до уверенного бизнес-пользователя,3208,2,157,0
2026-03-15,119119,Excel: от новичка до уверенного бизнес-пользователя,4555,3,310,0
2026-03-16,244062,Анализ данных Python: с 0 до уверенного бизнес-пользователя,180,1,6,0
2026-03-16,223260,Аналитика и Data Science для менеджеров и гуманитариев,223,1,5,0
2026-03-16,220868,Power BI: от новичка до профессионала,350,1,2,0
2026-03-16,219647,Power BI Service: основное для бизнес-пользователей,387,1,3,0
2026-03-16,219191,Excel Power Query и Pivot:  от новичка до профессионала,219,0,1,0
2026-03-16,215033,Расширенный\Advanced DAX для бизнес-пользователей,761,1,18,0
2026-03-16,209880,Описательная статистика для оптимизации (тема: HR-аналитика),1424,3,38,0
2026-03-16,209760,Построение бизнес-ориентированной HR функции,52,0,2,0
2026-03-16,209479,Управление проектами преобразований (трансформационные проекты),63,0,7,0
2026-03-16,201431,Основы M в Power Query для бизнес-пользователей,76,0,4,0
2026-03-16,199534,Advanced\Расширенный Power Query для бизнес-пользователей,787,1,21,0
2026-03-16,192863,Практика оргпроектирования (организационный дизайн),188,2,2,0
2026-03-16,185696,SQL: от новичка до уверенного бизнес-пользователя,520,1,28,0
2026-03-16,175185,Excel: от новичка до аналитика,3027,7,49,1
2026-03-16,173117,Excel: основное для работы с массивами и базами данных,3372,7,113,0
2026-03-16,163258,Управление проектами: полное погружение в PMBOK-7,1754,2,86,0
2026-03-16,159477,Power Point:  от новичка до уверенного бизнес-пользователя,427,0,34,0
2026-03-16,153842,Аналитика в SPSS: от новичка до уверенного бизнес-пользователя,351,0,13,0
2026-03-16,146872,"Advanced Excel: поиск решений, аналитика и прогнозирование",3656,7,69,0
2026-03-16,144530,Excel Power Query и Pivot (+BI): с 0 до бизнес-пользователя,5115,10,188,0
2026-03-16,138385,Power BI: от новичка до уверенного бизнес-пользователя,3211,3,158,1
2026-03-16,119119,Excel: от новичка до уверенного бизнес-пользователя,4562,7,310,0
2026-03-17,244062,Анализ данных Python: с 0 до уверенного бизнес-пользователя,181,1,6,0
2026-03-17,223260,Аналитика и Data Science для менеджеров и гуманитариев,224,1,5,0
2026-03-17,220868,Power BI: от новичка до профессионала,351,1,2,0
2026-03-17,219647,Power BI Service: основное для бизнес-пользователей,388,1,3,0
2026-03-17,219191,Excel Power Query и Pivot:  от новичка до профессионала,221,2,1,0
2026-03-17,215033,Расширенный\Advanced DAX для бизнес-пользователей,764,3,18,0
2026-03-17,209880,Описательная статистика для оптимизации (тема: HR-аналитика),1425,1,38,0
2026-03-17,209760,Построение бизнес-ориентированной HR функции,52,0,2,0
2026-03-17,209479,Управление проектами преобразований (трансформационные проекты),63,0,7,0
2026-03-17,201431,Основы M в Power Query для бизнес-пользователей,76,0,4,0
2026-03-17,199534,Advanced\Расширенный Power Query для бизнес-пользователей,790,3,21,0
2026-03-17,192863,Практика оргпроектирования (организационный дизайн),188,0,2,0
2026-03-17,185696,SQL: от новичка до уверенного бизнес-пользователя,521,1,28,0
2026-03-17,175185,Excel: от новичка до аналитика,3028,1,49,0
2026-03-17,173117,Excel: основное для работы с массивами и базами данных,3373,1,113,0
2026-03-17,163258,Управление проектами: полное погружение в PMBOK-7,1756,2,86,0
2026-03-17,159477,Power Point:  от новичка до уверенного бизнес-пользователя,427,0,34,0
2026-03-17,153842,Аналитика в SPSS: от новичка до уверенного бизнес-пользователя,351,0,13,0
2026-03-17,146872,"Advanced Excel: поиск решений, аналитика и прогнозирование",3657,1,69,0
2026-03-17,144530,Excel Power Query и Pivot (+BI): с 0 до бизнес-пользователя,5121,6,189,1
2026-03-17,138385,Power BI: от новичка до уверенного бизнес-пользователя,3213,2,158,0
2026-03-17,119119,Excel: от новичка до уверенного бизнес-пользователя,4564,2,310,0
2026-03-18,244062,Анализ данных Python: с 0 до уверенного бизнес-пользователя,181,0,6,0
2026-03-18,223260,Аналитика и Data Science для менеджеров и гуманитариев,226,2,5,0
2026-03-18,220868,Power BI: от новичка до профессионала,353,2,2,0
2026-03-18,219647,Power BI Service: основное для бизнес-пользователей,391,3,3,0
2026-03-18,219191,Excel Power Query и Pivot:  от новичка до профессионала,222,1,1,0
2026-03-18,215033,Расширенный\Advanced DAX для бизнес-пользователей,768,4,18,0
2026-03-18,209880,Описательная статистика для оптимизации (тема: HR-аналитика),1426,1,38,0
2026-03-18,209760,Построение бизнес-ориентированной HR функции,52,0,2,0
2026-03-18,209479,Управление проектами преобразований (трансформационные проекты),63,0,7,0
2026-03-18,201431,Основы M в Power Query для бизнес-пользователей,76,0,4,0
2026-03-18,199534,Advanced\Расширенный Power Query для бизнес-пользователей,794,4,21,0
2026-03-18,192863,Практика оргпроектирования (организационный дизайн),188,0,2,0
2026-03-18,185696,SQL: от новичка до уверенного бизнес-пользователя,521,0,28,0
2026-03-18,175185,Excel: от новичка до аналитика,3033,5,49,0
2026-03-18,173117,Excel: основное для работы с массивами и базами данных,3378,5,113,0
2026-03-18,163258,Управление проектами: полное погружение в PMBOK-7,1756,0,86,0
2026-03-18,159477,Power Point:  от новичка до уверенного бизнес-пользователя,428,1,34,0
2026-03-18,153842,Аналитика в SPSS: от новичка до уверенного бизнес-пользователя,351,0,13,0
2026-03-18,146872,"Advanced Excel: поиск решений, аналитика и прогнозирование",3663,6,69,0
2026-03-18,144530,Excel Power Query и Pivot (+BI): с 0 до бизнес-пользователя,5129,8,189,0
2026-03-18,138385,Power BI: от новичка до уверенного бизнес-пользователя,3219,6,158,0
2026-03-18,119119,Excel: от новичка до уверенного бизнес-пользователя,4573,9,310,0
2026-03-19,244062,Анализ данных Python: с 0 до уверенного бизнес-пользователя,181,0,6,0
2026-03-19,223260,Аналитика и Data Science для менеджеров и гуманитариев,227,1,5,0
2026-03-19,220868,Power BI: от новичка до профессионала,353,0,2,0
2026-03-19,219647,Power BI Service: основное для бизнес-пользователей,391,0,3,0
2026-03-19,219191,Excel Power Query и Pivot:  от новичка до профессионала,223,1,1,0
2026-03-19,215033,Расширенный\Advanced DAX для бизнес-пользователей,769,1,18,0
2026-03-19,209880,Описательная статистика для оптимизации (тема: HR-аналитика),1432,6,38,0
2026-03-19,209760,Построение бизнес-ориентированной HR функции,52,0,2,0
2026-03-19,209479,Управление проектами преобразований (трансформационные проекты),63,0,7,0
2026-03-19,201431,Основы M в Power Query для бизнес-пользователей,77,1,4,0
2026-03-19,199534,Advanced\Расширенный Power Query для бизнес-пользователей,797,3,21,0
2026-03-19,192863,Практика оргпроектирования (организационный дизайн),189,1,2,0
2026-03-19,190679,"Microsoft Power BI, Power Query, DAX",1034,0,44,0
2026-03-19,185696,SQL: от новичка до уверенного бизнес-пользователя,521,0,29,1
2026-03-19,181875,SQL для всех: от начинающих до продвинутых,622,0,49,0
2026-03-19,175185,Excel: от новичка до аналитика,3039,6,49,0
2026-03-19,173117,Excel: основное для работы с массивами и базами данных,3384,6,113,0
2026-03-19,163258,Управление проектами: полное погружение в PMBOK-7,1757,1,86,0
2026-03-19,159477,Power Point:  от новичка до уверенного бизнес-пользователя,429,1,34,0
2026-03-19,153842,Аналитика в SPSS: от новичка до уверенного бизнес-пользователя,351,0,13,0
2026-03-19,146872,"Advanced Excel: поиск решений, аналитика и прогнозирование",3671,8,69,0
2026-03-19,144530,Excel Power Query и Pivot (+BI): с 0 до бизнес-пользователя,5139,10,189,0
2026-03-19,138385,Power BI: от новичка до уверенного бизнес-пользователя,3222,3,159,1
2026-03-19,122957,Microsoft Power BI для бизнес-аналитики,1520,0,131,0
2026-03-19,121929,Excel VBA – Программирование макросов в Excel,1313,0,39,0
2026-03-19,121250,Microsoft Excel - Продвинутый пользователь Excel,1160,0,58,0
2026-03-19,119119,Excel: от новичка до уверенного бизнес-пользователя,4579,6,310,0
2026-03-19,111236,Power bi и язык DAX. Базовый уровень. Упор на маркетинг и ecom,1285,0,146,0
2026-03-20,244062,Анализ данных Python: с 0 до уверенного бизнес-пользователя,185,4,6,0
2026-03-20,223260,Аналитика и Data Science для менеджеров и гуманитариев,228,1,5,0
2026-03-20,220868,Power BI: от новичка до профессионала,353,0,2,0
2026-03-20,219647,Power BI Service: основное для бизнес-пользователей,391,0,3,0
2026-03-20,219191,Excel Power Query и Pivot:  от новичка до профессионала,224,1,1,0
2026-03-20,215033,Расширенный\Advanced DAX для бизнес-пользователей,770,1,18,0
2026-03-20,209880,Описательная статистика для оптимизации (тема: HR-аналитика),1434,2,38,0
2026-03-20,209760,Построение бизнес-ориентированной HR функции,52,0,2,0
2026-03-20,209479,Управление проектами преобразований (трансформационные проекты),63,0,7,0
2026-03-20,201431,Основы M в Power Query для бизнес-пользователей,77,0,4,0
2026-03-20,199534,Advanced\Расширенный Power Query для бизнес-пользователей,798,1,21,0
2026-03-20,192863,Практика оргпроектирования (организационный дизайн),189,0,2,0
2026-03-20,190679,"Microsoft Power BI, Power Query, DAX",1035,1,44,0
2026-03-20,185696,SQL: от новичка до уверенного бизнес-пользователя,523,2,29,0
2026-03-20,181875,SQL для всех: от начинающих до продвинутых,622,0,49,0
2026-03-20,175185,Excel: от новичка до аналитика,3041,2,49,0
2026-03-20,173117,Excel: основное для работы с массивами и базами данных,3387,3,113,0
2026-03-20,163258,Управление проектами: полное погружение в PMBOK-7,1757,0,86,0
2026-03-20,159477,Power Point:  от новичка до уверенного бизнес-пользователя,429,0,34,0
2026-03-20,153842,Аналитика в SPSS: от новичка до уверенного бизнес-пользователя,351,0,13,0
2026-03-20,146872,"Advanced Excel: поиск решений, аналитика и прогнозирование",3674,3,69,0
2026-03-20,144530,Excel Power Query и Pivot (+BI): с 0 до бизнес-пользователя,5143,4,190,1
2026-03-20,138385,Power BI: от новичка до уверенного бизнес-пользователя,3226,4,161,2
2026-03-20,122957,Microsoft Power BI для бизнес-аналитики,1521,1,131,0
2026-03-20,121929,Excel VBA – Программирование макросов в Excel,1313,0,39,0
2026-03-20,121250,Microsoft Excel - Продвинутый пользователь Excel,1160,0,58,0
2026-03-20,119119,Excel: от новичка до уверенного бизнес-пользователя,4582,3,311,1
2026-03-20,111236,Power bi и язык DAX. Базовый уровень. Упор на маркетинг и ecom,1285,0,146,0
2026-03-21,244062,Анализ данных Python: с 0 до уверенного бизнес-пользователя,186,1,6,0
2026-03-21,223260,Аналитика и Data Science для менеджеров и гуманитариев,228,0,5,0
2026-03-21,220868,Power BI: от новичка до профессионала,353,0,2,0
2026-03-21,219647,Power BI Service: основное для бизнес-пользователей,391,0,3,0
2026-03-21,219191,Excel Power Query и Pivot:  от новичка до профессионала,224,0,1,0
2026-03-21,215033,Расширенный\Advanced DAX для бизнес-пользователей,770,0,18,0
2026-03-21,209880,Описательная статистика для оптимизации (тема: HR-аналитика),1435,1,38,0
2026-03-21,209760,Построение бизнес-ориентированной HR функции,52,0,2,0
2026-03-21,209479,Управление проектами преобразований (трансформационные проекты),63,0,7,0
2026-03-21,201431,Основы M в Power Query для бизнес-пользователей,77,0,4,0
2026-03-21,199534,Advanced\Расширенный Power Query для бизнес-пользователей,798,0,21,0
2026-03-21,192863,Практика оргпроектирования (организационный дизайн),189,0,2,0
2026-03-21,190679,"Microsoft Power BI, Power Query, DAX",1035,0,44,0
2026-03-21,185696,SQL: от новичка до уверенного бизнес-пользователя,524,1,29,0
2026-03-21,181875,SQL для всех: от начинающих до продвинутых,622,0,49,0
2026-03-21,175185,Excel: от новичка до аналитика,3043,2,50,1
2026-03-21,173117,Excel: основное для работы с массивами и базами данных,3392,5,113,0
2026-03-21,163258,Управление проектами: полное погружение в PMBOK-7,1758,1,86,0
2026-03-21,159477,Power Point:  от новичка до уверенного бизнес-пользователя,429,0,34,0
2026-03-21,153842,Аналитика в SPSS: от новичка до уверенного бизнес-пользователя,351,0,13,0
2026-03-21,146872,"Advanced Excel: поиск решений, аналитика и прогнозирование",3677,3,69,0
2026-03-21,144530,Excel Power Query и Pivot (+BI): с 0 до бизнес-пользователя,5148,5,190,0
2026-03-21,138385,Power BI: от новичка до уверенного бизнес-пользователя,3227,1,161,0
2026-03-21,122957,Microsoft Power BI для бизнес-аналитики,1521,0,131,0
2026-03-21,121929,Excel VBA – Программирование макросов в Excel,1315,2,39,0
2026-03-21,121250,Microsoft Excel - Продвинутый пользователь Excel,1160,0,58,0
2026-03-21,119119,Excel: от новичка до уверенного бизнес-пользователя,4587,5,311,0
2026-03-21,111236,Power bi и язык DAX. Базовый уровень. Упор на маркетинг и ecom,1286,1,146,0
2026-03-22,244062,Анализ данных Python: с 0 до уверенного бизнес-пользователя,186,0,6,0
2026-03-22,223260,Аналитика и Data Science для менеджеров и гуманитариев,230,2,5,0
2026-03-22,220868,Power BI: от новичка до профессионала,354,1,2,0
2026-03-22,219647,Power BI Service: основное для бизнес-пользователей,392,1,3,0
2026-03-22,219191,Excel Power Query и Pivot:  от новичка до профессионала,224,0,1,0
2026-03-22,215033,Расширенный\Advanced DAX для бизнес-пользователей,771,1,18,0
2026-03-22,209880,Описательная статистика для оптимизации (тема: HR-аналитика),1435,0,38,0
2026-03-22,209760,Построение бизнес-ориентированной HR функции,52,0,2,0
2026-03-22,209479,Управление проектами преобразований (трансформационные проекты),63,0,7,0
2026-03-22,201431,Основы M в Power Query для бизнес-пользователей,77,0,4,0
2026-03-22,199534,Advanced\Расширенный Power Query для бизнес-пользователей,799,1,21,0
2026-03-22,192863,Практика оргпроектирования (организационный дизайн),189,0,2,0
2026-03-22,190679,"Microsoft Power BI, Power Query, DAX",1036,1,44,0
2026-03-22,185696,SQL: от новичка до уверенного бизнес-пользователя,524,0,29,0
2026-03-22,181875,SQL для всех: от начинающих до продвинутых,623,1,49,0
2026-03-22,175185,Excel: от новичка до аналитика,3047,4,50,0
2026-03-22,173117,Excel: основное для работы с массивами и базами данных,3397,5,113,0
2026-03-22,163258,Управление проектами: полное погружение в PMBOK-7,1758,0,86,0
2026-03-22,159477,Power Point:  от новичка до уверенного бизнес-пользователя,429,0,34,0
2026-03-22,153842,Аналитика в SPSS: от новичка до уверенного бизнес-пользователя,351,0,13,0
2026-03-22,146872,"Advanced Excel: поиск решений, аналитика и прогнозирование",3681,4,69,0
2026-03-22,144530,Excel Power Query и Pivot (+BI): с 0 до бизнес-пользователя,5152,4,190,0
2026-03-22,138385,Power BI: от новичка до уверенного бизнес-пользователя,3232,5,161,0
2026-03-22,122957,Microsoft Power BI для бизнес-аналитики,1521,0,131,0
2026-03-22,121929,Excel VBA – Программирование макросов в Excel,1315,0,39,0
2026-03-22,121250,Microsoft Excel - Продвинутый пользователь Excel,1160,0,58,0
2026-03-22,119119,Excel: от новичка до уверенного бизнес-пользователя,4594,7,311,0
2026-03-22,111236,Power bi и язык DAX. Базовый уровень. Упор на маркетинг и ecom,1287,1,146,0
2026-03-23,244062,Анализ данных Python: с 0 до уверенного бизнес-пользователя,186,0,6,0
2026-03-23,223260,Аналитика и Data Science для менеджеров и гуманитариев,230,0,5,0
2026-03-23,220868,Power BI: от новичка до профессионала,355,1,2,0
2026-03-23,219647,Power BI Service: основное для бизнес-пользователей,393,1,3,0
2026-03-23,219191,Excel Power Query и Pivot:  от новичка до профессионала,225,1,1,0
2026-03-23,215033,Расширенный\Advanced DAX для бизнес-пользователей,774,3,18,0
2026-03-23,209880,Описательная статистика для оптимизации (тема: HR-аналитика),1438,3,38,0
2026-03-23,209760,Построение бизнес-ориентированной HR функции,52,0,2,0
2026-03-23,209479,Управление проектами преобразований (трансформационные проекты),63,0,7,0
2026-03-23,201431,Основы M в Power Query для бизнес-пользователей,77,0,4,0
2026-03-23,199534,Advanced\Расширенный Power Query для бизнес-пользователей,801,2,21,0
2026-03-23,192863,Практика оргпроектирования (организационный дизайн),189,0,2,0
2026-03-23,190679,"Microsoft Power BI, Power Query, DAX",1037,1,44,0
2026-03-23,185696,SQL: от новичка до уверенного бизнес-пользователя,524,0,29,0
2026-03-23,181875,SQL для всех: от начинающих до продвинутых,624,1,49,0
2026-03-23,175185,Excel: от новичка до аналитика,3050,3,50,0
2026-03-23,173117,Excel: основное для работы с массивами и базами данных,3401,4,113,0
2026-03-23,163258,Управление проектами: полное погружение в PMBOK-7,1758,0,86,0
2026-03-23,159477,Power Point:  от новичка до уверенного бизнес-пользователя,429,0,34,0
2026-03-23,153842,Аналитика в SPSS: от новичка до уверенного бизнес-пользователя,351,0,13,0
2026-03-23,146872,"Advanced Excel: поиск решений, аналитика и прогнозирование",3685,4,69,0
2026-03-23,144530,Excel Power Query и Pivot (+BI): с 0 до бизнес-пользователя,5159,7,190,0
2026-03-23,138385,Power BI: от новичка до уверенного бизнес-пользователя,3235,3,161,0
2026-03-23,122957,Microsoft Power BI для бизнес-аналитики,1521,0,131,0
2026-03-23,121929,Excel VBA – Программирование макросов в Excel,1315,0,39,0
2026-03-23,121250,Microsoft Excel - Продвинутый пользователь Excel,1160,0,58,0
2026-03-23,119119,Excel: от новичка до уверенного бизнес-пользователя,4600,6,311,0
2026-03-23,111236,Power bi и язык DAX. Базовый уровень. Упор на маркетинг и ecom,1287,0,146,0
2026-03-24,244062,Анализ данных Python: с 0 до уверенного бизнес-пользователя,186,0,6,0
2026-03-24,223260,Аналитика и Data Science для менеджеров и гуманитариев,230,0,5,0
2026-03-24,220868,Power BI: от новичка до профессионала,358,3,2,0
2026-03-24,219647,Power BI Service: основное для бизнес-пользователей,396,3,3,0
2026-03-24,219191,Excel Power Query и Pivot:  от новичка до профессионала,225,0,1,0
2026-03-24,215033,Расширенный\Advanced DAX для бизнес-пользователей,778,4,18,0
2026-03-24,209880,Описательная статистика для оптимизации (тема: HR-аналитика),1439,1,38,0
2026-03-24,209760,Построение бизнес-ориентированной HR функции,52,0,2,0
2026-03-24,209479,Управление проектами преобразований (трансформационные проекты),63,0,7,0
2026-03-24,201431,Основы M в Power Query для бизнес-пользователей,77,0,4,0
2026-03-24,199534,Advanced\Расширенный Power Query для бизнес-пользователей,804,3,21,0
2026-03-24,192863,Практика оргпроектирования (организационный дизайн),191,2,2,0
2026-03-24,190679,"Microsoft Power BI, Power Query, DAX",1044,7,44,0
2026-03-24,185696,SQL: от новичка до уверенного бизнес-пользователя,524,0,29,0
2026-03-24,181875,SQL для всех: от начинающих до продвинутых,626,2,49,0
2026-03-24,175185,Excel: от новичка до аналитика,3052,2,50,0
2026-03-24,173117,Excel: основное для работы с массивами и базами данных,3403,2,113,0
2026-03-24,163258,Управление проектами: полное погружение в PMBOK-7,1761,3,86,0
2026-03-24,159477,Power Point:  от новичка до уверенного бизнес-пользователя,429,0,34,0
2026-03-24,153842,Аналитика в SPSS: от новичка до уверенного бизнес-пользователя,351,0,13,0
2026-03-24,146872,"Advanced Excel: поиск решений, аналитика и прогнозирование",3688,3,69,0
2026-03-24,144530,Excel Power Query и Pivot (+BI): с 0 до бизнес-пользователя,5165,6,191,1
2026-03-24,138385,Power BI: от новичка до уверенного бизнес-пользователя,3244,9,161,0
2026-03-24,122957,Microsoft Power BI для бизнес-аналитики,1522,1,131,0
2026-03-24,121929,Excel VBA – Программирование макросов в Excel,1315,0,39,0
2026-03-24,121250,Microsoft Excel - Продвинутый пользователь Excel,1160,0,58,0
2026-03-24,119119,Excel: от новичка до уверенного бизнес-пользователя,4604,4,311,0
2026-03-24,111236,Power bi и язык DAX. Базовый уровень. Упор на маркетинг и ecom,1288,1,146,0
2026-03-25,244062,Анализ данных Python: с 0 до уверенного бизнес-пользователя,186,0,6,0
2026-03-25,223260,Аналитика и Data Science для менеджеров и гуманитариев,230,0,5,0
2026-03-25,220868,Power BI: от новичка до профессионала,358,0,2,0
2026-03-25,219647,Power BI Service: основное для бизнес-пользователей,396,0,3,0
2026-03-25,219191,Excel Power Query и Pivot:  от новичка до профессионала,226,1,1,0
2026-03-25,215033,Расширенный\Advanced DAX для бизнес-пользователей,780,2,18,0
2026-03-25,209880,Описательная статистика для оптимизации (тема: HR-аналитика),1441,2,38,0
2026-03-25,209760,Построение бизнес-ориентированной HR функции,52,0,2,0
2026-03-25,209479,Управление проектами преобразований (трансформационные проекты),63,0,7,0
2026-03-25,201431,Основы M в Power Query для бизнес-пользователей,77,0,4,0
2026-03-25,199534,Advanced\Расширенный Power Query для бизнес-пользователей,805,1,21,0
2026-03-25,192863,Практика оргпроектирования (организационный дизайн),191,0,2,0
2026-03-25,190679,"Microsoft Power BI, Power Query, DAX",1051,7,45,1
2026-03-25,185696,SQL: от новичка до уверенного бизнес-пользователя,524,0,29,0
2026-03-25,181875,SQL для всех: от начинающих до продвинутых,628,2,49,0
2026-03-25,175185,Excel: от новичка до аналитика,3054,2,50,0
2026-03-25,173117,Excel: основное для работы с массивами и базами данных,3405,2,113,0
2026-03-25,163258,Управление проектами: полное погружение в PMBOK-7,1761,0,87,1
2026-03-25,159477,Power Point:  от новичка до уверенного бизнес-пользователя,429,0,34,0
2026-03-25,153842,Аналитика в SPSS: от новичка до уверенного бизнес-пользователя,351,0,13,0
2026-03-25,146872,"Advanced Excel: поиск решений, аналитика и прогнозирование",3690,2,69,0
2026-03-25,144530,Excel Power Query и Pivot (+BI): с 0 до бизнес-пользователя,5172,7,192,1
2026-03-25,138385,Power BI: от новичка до уверенного бизнес-пользователя,3249,5,161,0
2026-03-25,122957,Power BI: Microsoft Power BI для бизнес-аналитики,1522,0,131,0
2026-03-25,121929,Excel VBA – Программирование макросов в Excel,1316,1,39,0
2026-03-25,121250,Microsoft Excel - Продвинутый пользователь Excel,1160,0,58,0
2026-03-25,119119,Excel: от новичка до уверенного бизнес-пользователя,4608,4,313,2
2026-03-25,111236,Power bi и язык DAX. Базовый уровень. Упор на маркетинг и ecom,1288,0,146,0
2026-03-26,244062,Анализ данных Python: с 0 до уверенного бизнес-пользователя,188,2,6,0
2026-03-26,223260,Аналитика и Data Science для менеджеров и гуманитариев,230,0,5,0
2026-03-26,220868,Power BI: от новичка до профессионала,359,1,2,0
2026-03-26,219647,Power BI Service: основное для бизнес-пользователей,396,0,3,0
2026-03-26,219191,Excel Power Query и Pivot:  от новичка до профессионала,227,1,1,0
2026-03-26,215033,Расширенный\Advanced DAX для бизнес-пользователей,781,1,18,0
2026-03-26,209880,Описательная статистика для оптимизации (тема: HR-аналитика),1442,1,38,0
2026-03-26,209760,Построение бизнес-ориентированной HR функции,52,0,2,0
2026-03-26,209479,Управление проектами преобразований (трансформационные проекты),63,0,7,0
2026-03-26,201431,Основы M в Power Query для бизнес-пользователей,77,0,4,0
2026-03-26,199534,Advanced\Расширенный Power Query для бизнес-пользователей,806,1,21,0
2026-03-26,192863,Практика оргпроектирования (организационный дизайн),191,0,2,0
2026-03-26,190679,"Microsoft Power BI, Power Query, DAX",1051,0,45,0
2026-03-26,185696,SQL: от новичка до уверенного бизнес-пользователя,525,1,29,0
2026-03-26,181875,SQL для всех: от начинающих до продвинутых,628,0,49,0
2026-03-26,175185,Excel: от новичка до аналитика,3054,0,50,0
2026-03-26,173117,Excel: основное для работы с массивами и базами данных,3405,0,113,0
2026-03-26,163258,Управление проектами: полное погружение в PMBOK-7,1762,1,87,0
2026-03-26,159477,Power Point:  от новичка до уверенного бизнес-пользователя,429,0,34,0
2026-03-26,153842,Аналитика в SPSS: от новичка до уверенного бизнес-пользователя,351,0,13,0
2026-03-26,146872,"Advanced Excel: поиск решений, аналитика и прогнозирование",3690,0,69,0
2026-03-26,144530,Excel Power Query и Pivot (+BI): с 0 до бизнес-пользователя,5175,3,192,0
2026-03-26,138385,Power BI: от новичка до уверенного бизнес-пользователя,3254,5,161,0
2026-03-26,122957,Power BI: бизнес-аналитика и дашборды для практики,1523,1,131,0
2026-03-26,121929,Excel VBA – Программирование макросов в Excel,1317,1,39,0
2026-03-26,121250,Microsoft Excel - Продвинутый пользователь Excel,1160,0,58,0
2026-03-26,119119,Excel: от новичка до уверенного бизнес-пользователя,4610,2,314,1
2026-03-26,111236,Power bi и язык DAX. Базовый уровень. Упор на маркетинг и ecom,1288,0,146,0
2026-03-27,244062,Анализ данных Python: с 0 до уверенного бизнес-пользователя,189,1,6,0
2026-03-27,223260,Аналитика и Data Science для менеджеров и гуманитариев,230,0,5,0
2026-03-27,220868,Power BI: от новичка до профессионала,359,0,2,0
2026-03-27,219647,Power BI Service: основное для бизнес-пользователей,396,0,3,0
2026-03-27,219191,Excel Power Query и Pivot:  от новичка до профессионала,227,0,1,0
2026-03-27,215033,Расширенный\Advanced DAX для бизнес-пользователей,781,0,18,0
2026-03-27,209880,Описательная статистика для оптимизации (тема: HR-аналитика),1442,0,38,0
2026-03-27,209760,Построение бизнес-ориентированной HR функции,52,0,2,0
2026-03-27,209479,Управление проектами преобразований (трансформационные проекты),63,0,7,0
2026-03-27,201431,Основы M в Power Query для бизнес-пользователей,77,0,4,0
2026-03-27,199534,Advanced\Расширенный Power Query для бизнес-пользователей,807,1,21,0
2026-03-27,192863,Практика оргпроектирования (организационный дизайн),191,0,2,0
2026-03-27,190679,"Microsoft Power BI, Power Query, DAX",1052,1,45,0
2026-03-27,185696,SQL: от новичка до уверенного бизнес-пользователя,525,0,29,0
2026-03-27,181875,SQL для всех: от начинающих до продвинутых,629,1,49,0
2026-03-27,175185,Excel: от новичка до аналитика,3056,2,50,0
2026-03-27,173117,Excel: основное для работы с массивами и базами данных,3407,2,113,0
2026-03-27,163258,Управление проектами: полное погружение в PMBOK-7,1763,1,87,0
2026-03-27,159477,Power Point:  от новичка до уверенного бизнес-пользователя,429,0,34,0
2026-03-27,153842,Аналитика в SPSS: от новичка до уверенного бизнес-пользователя,351,0,13,0
2026-03-27,146872,"Advanced Excel: поиск решений, аналитика и прогнозирование",3692,2,69,0
2026-03-27,144530,Excel Power Query и Pivot (+BI): с 0 до бизнес-пользователя,5180,5,192,0
2026-03-27,138385,Power BI: от новичка до уверенного бизнес-пользователя,3258,4,161,0
2026-03-27,122957,Power BI: бизнес-аналитика и дашборды для практики,1523,0,131,0
2026-03-27,121929,Excel VBA – Программирование макросов в Excel,1317,0,40,1
2026-03-27,121250,Microsoft Excel - Продвинутый пользователь Excel,1160,0,58,0
2026-03-27,119119,Excel: от новичка до уверенного бизнес-пользователя,4613,3,315,1
2026-03-27,111236,Power bi и язык DAX. Базовый уровень. Упор на маркетинг и ecom,1288,0,146,0
2026-03-28,244062,Анализ данных Python: с 0 до уверенного бизнес-пользователя,189,0,6,0
2026-03-28,223260,Аналитика и Data Science для менеджеров и гуманитариев,230,0,5,0
2026-03-28,220868,Power BI: от новичка до профессионала,360,1,2,0
2026-03-28,219647,Power BI Service: основное для бизнес-пользователей,397,1,3,0
2026-03-28,219191,Excel Power Query и Pivot:  от новичка до профессионала,227,0,1,0
2026-03-28,215033,Расширенный\Advanced DAX для бизнес-пользователей,783,2,18,0
2026-03-28,209880,Описательная статистика для оптимизации (тема: HR-аналитика),1442,0,38,0
2026-03-28,209760,Построение бизнес-ориентированной HR функции,52,0,2,0
2026-03-28,209479,Управление проектами преобразований (трансформационные проекты),64,1,7,0
2026-03-28,201431,Основы M в Power Query для бизнес-пользователей,77,0,4,0
2026-03-28,199534,Advanced\Расширенный Power Query для бизнес-пользователей,809,2,21,0
2026-03-28,192863,Практика оргпроектирования (организационный дизайн),191,0,2,0
2026-03-28,190679,"Microsoft Power BI, Power Query, DAX",1053,1,45,0
2026-03-28,185696,SQL: от новичка до уверенного бизнес-пользователя,525,0,29,0
2026-03-28,181875,SQL для всех: от начинающих до продвинутых,629,0,49,0
2026-03-28,175185,Excel: от новичка до аналитика,3060,4,50,0
2026-03-28,173117,Excel: основное для работы с массивами и базами данных,3411,4,113,0
2026-03-28,163258,Управление проектами: полное погружение в PMBOK-7,1764,1,87,0
2026-03-28,159477,Power Point:  от новичка до уверенного бизнес-пользователя,431,2,34,0
2026-03-28,153842,Аналитика в SPSS: от новичка до уверенного бизнес-пользователя,352,1,13,0
2026-03-28,146872,"Advanced Excel: поиск решений, аналитика и прогнозирование",3697,5,69,0
2026-03-28,144530,Excel Power Query и Pivot (+BI): с 0 до бизнес-пользователя,5186,6,192,0
2026-03-28,138385,Power BI: от новичка до уверенного бизнес-пользователя,3262,4,161,0
2026-03-28,122957,Power BI: бизнес-аналитика и дашборды для практики,1523,0,131,0
2026-03-28,121929,Excel VBA – Программирование макросов в Excel,1319,2,40,0
2026-03-28,121250,Microsoft Excel - Продвинутый пользователь Excel,1160,0,58,0
2026-03-28,119119,Excel: от новичка до уверенного бизнес-пользователя,4618,5,315,0
2026-03-28,111236,Power bi и язык DAX. Базовый уровень. Упор на маркетинг и ecom,1288,0,146,0
2026-03-29,244062,Анализ данных Python: с 0 до уверенного бизнес-пользователя,189,0,6,0
2026-03-29,223260,Аналитика и Data Science для менеджеров и гуманитариев,230,0,5,0
2026-03-29,220868,Power BI: от новичка до профессионала,360,0,2,0
2026-03-29,219647,Power BI Service: основное для бизнес-пользователей,397,0,3,0
2026-03-29,219191,Excel Power Query и Pivot:  от новичка до профессионала,228,1,1,0
2026-03-29,215033,Расширенный\Advanced DAX для бизнес-пользователей,784,1,18,0
2026-03-29,209880,Описательная статистика для оптимизации (тема: HR-аналитика),1444,2,38,0
2026-03-29,209760,Построение бизнес-ориентированной HR функции,52,0,2,0
2026-03-29,209479,Управление проектами преобразований (трансформационные проекты),64,0,7,0
2026-03-29,201431,Основы M в Power Query для бизнес-пользователей,77,0,4,0
2026-03-29,199534,Advanced\Расширенный Power Query для бизнес-пользователей,810,1,21,0
2026-03-29,192863,Практика оргпроектирования (организационный дизайн),191,0,2,0
2026-03-29,190679,"Microsoft Power BI, Power Query, DAX",1053,0,45,0
2026-03-29,185696,SQL: от новичка до уверенного бизнес-пользователя,526,1,29,0
2026-03-29,181875,SQL для всех: от начинающих до продвинутых,629,0,49,0
2026-03-29,175185,Excel: от новичка до аналитика,3062,2,50,0
2026-03-29,173117,Excel: основное для работы с массивами и базами данных,3413,2,114,1
2026-03-29,163258,Управление проектами: полное погружение в PMBOK-7,1765,1,88,1
2026-03-29,159477,Power Point:  от новичка до уверенного бизнес-пользователя,431,0,34,0
2026-03-29,153842,Аналитика в SPSS: от новичка до уверенного бизнес-пользователя,353,1,13,0
2026-03-29,146872,"Advanced Excel: поиск решений, аналитика и прогнозирование",3699,2,69,0
2026-03-29,144530,Excel Power Query и Pivot (+BI): с 0 до бизнес-пользователя,5190,4,192,0
2026-03-29,138385,Power BI: от новичка до уверенного бизнес-пользователя,3265,3,161,0
2026-03-29,122957,"Power BI с нуля: Power Query, модель данных, DAX, дашборды",1523,0,132,1
2026-03-29,121929,Excel VBA – Программирование макросов в Excel,1319,0,40,0
2026-03-29,121250,Microsoft Excel - Продвинутый пользователь Excel,1160,0,58,0
2026-03-29,119119,Excel: от новичка до уверенного бизнес-пользователя,4621,3,315,0
2026-03-29,111236,Power bi и язык DAX. Базовый уровень. Упор на маркетинг и ecom,1288,0,146,0
2026-03-30,244062,Анализ данных Python: с 0 до уверенного бизнес-пользователя,189,0,6,0
2026-03-30,223260,Аналитика и Data Science для менеджеров и гуманитариев,230,0,5,0
2026-03-30,220868,Power BI: от новичка до профессионала,360,0,2,0
2026-03-30,219647,Power BI Service: основное для бизнес-пользователей,397,0,4,1
2026-03-30,219191,Excel Power Query и Pivot:  от новичка до профессионала,229,1,1,0
2026-03-30,215033,Расширенный\Advanced DAX для бизнес-пользователей,786,2,18,0
2026-03-30,209880,Описательная статистика для оптимизации (тема: HR-аналитика),1446,2,38,0
2026-03-30,209760,Построение бизнес-ориентированной HR функции,52,0,2,0
2026-03-30,209479,Управление проектами преобразований (трансформационные проекты),64,0,7,0
2026-03-30,201431,Основы M в Power Query для бизнес-пользователей,77,0,4,0
2026-03-30,199534,Advanced\Расширенный Power Query для бизнес-пользователей,811,1,21,0
2026-03-30,192863,Практика оргпроектирования (организационный дизайн),191,0,2,0
2026-03-30,190679,"Microsoft Power BI, Power Query, DAX",1053,0,45,0
2026-03-30,185696,SQL: от новичка до уверенного бизнес-пользователя,527,1,29,0
2026-03-30,181875,SQL для всех: от начинающих до продвинутых,629,0,50,1
2026-03-30,175185,Excel: от новичка до аналитика,3063,1,51,1
2026-03-30,173117,Excel: основное для работы с массивами и базами данных,3415,2,114,0
2026-03-30,163258,Управление проектами: полное погружение в PMBOK-7,1767,2,88,0
2026-03-30,159477,Power Point:  от новичка до уверенного бизнес-пользователя,431,0,34,0
2026-03-30,153842,Аналитика в SPSS: от новичка до уверенного бизнес-пользователя,354,1,13,0
2026-03-30,146872,"Advanced Excel: поиск решений, аналитика и прогнозирование",3700,1,69,0
2026-03-30,144530,Excel Power Query и Pivot (+BI): с 0 до бизнес-пользователя,5196,6,192,0
2026-03-30,138385,Power BI: от новичка до уверенного бизнес-пользователя,3267,2,162,1
2026-03-30,122957,"Power BI с нуля: Power Query, модель данных, DAX, дашборды",1523,0,132,0
2026-03-30,121929,Excel VBA – Программирование макросов в Excel,1319,0,40,0
2026-03-30,121250,Microsoft Excel - Продвинутый пользователь Excel,1160,0,58,0
2026-03-30,119119,Excel: от новичка до уверенного бизнес-пользователя,4625,4,315,0
2026-03-30,111236,Power bi и язык DAX. Базовый уровень. Упор на маркетинг и ecom,1288,0,146,0
2026-03-31,244062,Анализ данных Python: с 0 до уверенного бизнес-пользователя,189,0,6,0
2026-03-31,223260,Аналитика и Data Science для менеджеров и гуманитариев,234,4,5,0
2026-03-31,220868,Power BI: от новичка до профессионала,366,6,2,0
2026-03-31,219647,Power BI Service: основное для бизнес-пользователей,403,6,4,0
2026-03-31,219191,Excel Power Query и Pivot:  от новичка до профессионала,231,2,1,0
2026-03-31,215033,Расширенный\Advanced DAX для бизнес-пользователей,795,9,18,0
2026-03-31,209880,Описательная статистика для оптимизации (тема: HR-аналитика),1448,2,38,0
2026-03-31,209760,Построение бизнес-ориентированной HR функции,52,0,2,0
2026-03-31,209479,Управление проектами преобразований (трансформационные проекты),64,0,7,0
2026-03-31,201431,Основы M в Power Query для бизнес-пользователей,78,1,4,0
2026-03-31,199534,Advanced\Расширенный Power Query для бизнес-пользователей,820,9,21,0
2026-03-31,192863,Практика оргпроектирования (организационный дизайн),191,0,2,0
2026-03-31,190679,"Microsoft Power BI, Power Query, DAX",1057,4,45,0
2026-03-31,185696,SQL: от новичка до уверенного бизнес-пользователя,529,2,29,0
2026-03-31,181875,SQL для всех: от начинающих до продвинутых,630,1,50,0
2026-03-31,175185,Excel: от новичка до аналитика,3068,5,51,0
2026-03-31,173117,Excel: основное для работы с массивами и базами данных,3421,6,114,0
2026-03-31,163258,Управление проектами: полное погружение в PMBOK-7,1773,6,88,0
2026-03-31,159477,Power Point:  от новичка до уверенного бизнес-пользователя,433,2,34,0
2026-03-31,153842,Аналитика в SPSS: от новичка до уверенного бизнес-пользователя,356,2,13,0
2026-03-31,146872,"Advanced Excel: поиск решений, аналитика и прогнозирование",3706,6,69,0
2026-03-31,144530,Excel Power Query и Pivot (+BI): с 0 до бизнес-пользователя,5212,16,192,0
2026-03-31,138385,Power BI: от новичка до уверенного бизнес-пользователя,3279,12,162,0
2026-03-31,122957,"Power BI с нуля: Power Query, модель данных, DAX, дашборды",1524,1,132,0
2026-03-31,121929,Excel VBA – Программирование макросов в Excel,1319,0,40,0
2026-03-31,121250,Microsoft Excel - Продвинутый пользователь Excel,1161,1,58,0
2026-03-31,119119,Excel: от новичка до уверенного бизнес-пользователя,4637,12,315,0
2026-03-31,111236,Power bi и язык DAX. Базовый уровень. Упор на маркетинг и ecom,1288,0,146,0
2026-04-01,244062,Анализ данных Python: с 0 до уверенного бизнес-пользователя,192,3,6,0
2026-04-01,223260,Аналитика и Data Science для менеджеров и гуманитариев,234,0,5,0
2026-04-01,220868,Power BI: от новичка до профессионала,366,0,2,0
2026-04-01,219647,Power BI Service: основное для бизнес-пользователей,403,0,4,0
2026-04-01,219191,Excel Power Query и Pivot:  от новичка до профессионала,232,1,1,0
2026-04-01,215033,Расширенный\Advanced DAX для бизнес-пользователей,796,1,18,0
2026-04-01,209880,Описательная статистика для оптимизации (тема: HR-аналитика),1450,2,38,0
2026-04-01,209760,Построение бизнес-ориентированной HR функции,52,0,2,0
2026-04-01,209479,Управление проектами преобразований (трансформационные проекты),64,0,7,0
2026-04-01,201431,Основы M в Power Query для бизнес-пользователей,78,0,4,0
2026-04-01,199534,Advanced\Расширенный Power Query для бизнес-пользователей,821,1,21,0
2026-04-01,192863,Практика оргпроектирования (организационный дизайн),192,1,2,0
2026-04-01,190679,"Microsoft Power BI, Power Query, DAX",1061,4,45,0
2026-04-01,185696,SQL: от новичка до уверенного бизнес-пользователя,529,0,29,0
2026-04-01,181875,SQL для всех: от начинающих до продвинутых,633,3,50,0
2026-04-01,175185,Excel: от новичка до аналитика,3072,4,51,0
2026-04-01,173117,Excel: основное для работы с массивами и базами данных,3426,5,114,0
2026-04-01,163258,Управление проектами: полное погружение в PMBOK-7,1775,2,88,0
2026-04-01,159477,Power Point:  от новичка до уверенного бизнес-пользователя,433,0,34,0
2026-04-01,153842,Аналитика в SPSS: от новичка до уверенного бизнес-пользователя,356,0,13,0
2026-04-01,146872,"Advanced Excel: поиск решений, аналитика и прогнозирование",3710,4,69,0
2026-04-01,144530,Excel Power Query и Pivot (+BI): с 0 до бизнес-пользователя,5221,9,192,0
2026-04-01,138385,Power BI: от новичка до уверенного бизнес-пользователя,3288,9,162,0
2026-04-01,122957,"Power BI с нуля: Power Query, модель данных, DAX, дашборды",1524,0,132,0
2026-04-01,121929,Excel VBA – Программирование макросов в Excel,1319,0,40,0
2026-04-01,121250,Microsoft Excel - Продвинутый пользователь Excel,1162,1,58,0
2026-04-01,119119,Excel: от новичка до уверенного бизнес-пользователя,4644,7,315,0
2026-04-01,111236,Power bi и язык DAX. Базовый уровень. Упор на маркетинг и ecom,1289,1,146,0
2026-04-02,244062,Анализ данных Python: с 0 до уверенного бизнес-пользователя,193,1,6,0
2026-04-02,223260,Аналитика и Data Science для менеджеров и гуманитариев,234,0,5,0
2026-04-02,220868,Power BI: от новичка до профессионала,367,1,2,0
2026-04-02,219647,Power BI Service: основное для бизнес-пользователей,404,1,4,0
2026-04-02,219191,Excel Power Query и Pivot:  от новичка до профессионала,232,0,1,0
2026-04-02,215033,Расширенный\Advanced DAX для бизнес-пользователей,797,1,18,0
2026-04-02,209880,Описательная статистика для оптимизации (тема: HR-аналитика),1454,4,38,0
2026-04-02,209760,Построение бизнес-ориентированной HR функции,52,0,2,0
2026-04-02,209479,Управление проектами преобразований (трансформационные проекты),64,0,7,0
2026-04-02,201431,Основы M в Power Query для бизнес-пользователей,78,0,4,0
2026-04-02,199534,Advanced\Расширенный Power Query для бизнес-пользователей,822,1,21,0
2026-04-02,192863,Практика оргпроектирования (организационный дизайн),192,0,2,0
2026-04-02,190679,"Microsoft Power BI, Power Query, DAX",1060,-1,45,0
2026-04-02,185696,SQL: от новичка до уверенного бизнес-пользователя,529,0,29,0
2026-04-02,181875,SQL для всех: от начинающих до продвинутых,633,0,50,0
2026-04-02,175185,Excel: от новичка до аналитика,3074,2,51,0
2026-04-02,173117,Excel: основное для работы с массивами и базами данных,3428,2,114,0
2026-04-02,163258,Управление проектами: полное погружение в PMBOK-7,1775,0,88,0
2026-04-02,159477,Power Point:  от новичка до уверенного бизнес-пользователя,433,0,34,0
2026-04-02,153842,Аналитика в SPSS: от новичка до уверенного бизнес-пользователя,356,0,13,0
2026-04-02,146872,"Advanced Excel: поиск решений, аналитика и прогнозирование",3712,2,69,0
2026-04-02,144530,Excel Power Query и Pivot (+BI): с 0 до бизнес-пользователя,5223,2,192,0
2026-04-02,138385,Power BI: от новичка до уверенного бизнес-пользователя,3292,4,162,0
2026-04-02,122957,"Power BI с нуля: Power Query, модель данных, DAX, дашборды",1525,1,132,0
2026-04-02,121929,Excel VBA – Программирование макросов в Excel,1319,0,40,0
2026-04-02,121250,Microsoft Excel - Продвинутый пользователь Excel,1162,0,58,0
2026-04-02,119119,Excel: от новичка до уверенного бизнес-пользователя,4647,3,315,0
2026-04-02,111236,Power bi и язык DAX. Базовый уровень. Упор на маркетинг и ecom,1289,0,146,0
2026-04-03,244062,Анализ данных Python: с 0 до уверенного бизнес-пользователя,193,0,6,0
2026-04-03,223260,Аналитика и Data Science для менеджеров и гуманитариев,235,1,5,0
2026-04-03,220868,Power BI: от новичка до профессионала,369,2,2,0
2026-04-03,219647,Power BI Service: основное для бизнес-пользователей,406,2,4,0
2026-04-03,219191,Excel Power Query и Pivot:  от новичка до профессионала,232,0,1,0
2026-04-03,215033,Расширенный\Advanced DAX для бизнес-пользователей,799,2,18,0
2026-04-03,209880,Описательная статистика для оптимизации (тема: HR-аналитика),1456,2,38,0
2026-04-03,209760,Построение бизнес-ориентированной HR функции,52,0,2,0
2026-04-03,209479,Управление проектами преобразований (трансформационные проекты),64,0,7,0
2026-04-03,201431,Основы M в Power Query для бизнес-пользователей,78,0,4,0
2026-04-03,199534,Advanced\Расширенный Power Query для бизнес-пользователей,824,2,21,0
2026-04-03,192863,Практика оргпроектирования (организационный дизайн),192,0,2,0
2026-04-03,190679,"Microsoft Power BI, Power Query, DAX",1063,3,45,0
2026-04-03,185696,SQL: от новичка до уверенного бизнес-пользователя,529,0,29,0
2026-04-03,181875,SQL для всех: от начинающих до продвинутых,634,1,50,0
2026-04-03,175185,Excel: от новичка до аналитика,3077,3,51,0
2026-04-03,173117,Excel: основное для работы с массивами и базами данных,3431,3,114,0
2026-04-03,163258,Управление проектами: полное погружение в PMBOK-7,1776,1,88,0
2026-04-03,159477,Power Point:  от новичка до уверенного бизнес-пользователя,435,2,34,0
2026-04-03,153842,Аналитика в SPSS: от новичка до уверенного бизнес-пользователя,356,0,13,0
2026-04-03,146872,"Advanced Excel: поиск решений, аналитика и прогнозирование",3715,3,69,0
2026-04-03,144530,Excel Power Query и Pivot (+BI): с 0 до бизнес-пользователя,5227,4,192,0
2026-04-03,138385,Power BI: от новичка до уверенного бизнес-пользователя,3295,3,162,0
2026-04-03,122957,"Power BI с нуля: Power Query, модель данных, DAX, дашборды",1526,1,133,1
2026-04-03,121929,Excel VBA – Программирование макросов в Excel,1319,0,40,0
2026-04-03,121250,Microsoft Excel - Продвинутый пользователь Excel,1162,0,58,0
2026-04-03,119119,Excel: от новичка до уверенного бизнес-пользователя,4651,4,315,0
2026-04-03,111236,Power bi и язык DAX. Базовый уровень. Упор на маркетинг и ecom,1289,0,146,0
2026-04-04,244062,Анализ данных Python: с 0 до уверенного бизнес-пользователя,193,0,6,0
2026-04-04,223260,Аналитика и Data Science для менеджеров и гуманитариев,235,0,5,0
2026-04-04,220868,Power BI: от новичка до профессионала,369,0,2,0
2026-04-04,219647,Power BI Service: основное для бизнес-пользователей,406,0,4,0
2026-04-04,219191,Excel Power Query и Pivot:  от новичка до профессионала,232,0,1,0
2026-04-04,215033,Расширенный\Advanced DAX для бизнес-пользователей,799,0,18,0
2026-04-04,209880,Описательная статистика для оптимизации (тема: HR-аналитика),1461,5,38,0
2026-04-04,209760,Построение бизнес-ориентированной HR функции,52,0,2,0
2026-04-04,209479,Управление проектами преобразований (трансформационные проекты),64,0,7,0
2026-04-04,201431,Основы M в Power Query для бизнес-пользователей,78,0,4,0
2026-04-04,199534,Advanced\Расширенный Power Query для бизнес-пользователей,825,1,21,0
2026-04-04,192863,Практика оргпроектирования (организационный дизайн),192,0,2,0
2026-04-04,190679,"Microsoft Power BI, Power Query, DAX",1064,1,45,0
2026-04-04,185696,SQL: от новичка до уверенного бизнес-пользователя,529,0,29,0
2026-04-04,181875,SQL для всех: от начинающих до продвинутых,635,1,50,0
2026-04-04,175185,Excel: от новичка до аналитика,3081,4,51,0
2026-04-04,173117,Excel: основное для работы с массивами и базами данных,3435,4,114,0
2026-04-04,163258,Управление проектами: полное погружение в PMBOK-7,1778,2,89,1
2026-04-04,159477,Power Point:  от новичка до уверенного бизнес-пользователя,437,2,34,0
2026-04-04,153842,Аналитика в SPSS: от новичка до уверенного бизнес-пользователя,357,1,13,0
2026-04-04,146872,"Advanced Excel: поиск решений, аналитика и прогнозирование",3720,5,69,0
2026-04-04,144530,Excel Power Query и Pivot (+BI): с 0 до бизнес-пользователя,5235,8,192,0
2026-04-04,138385,Power BI: от новичка до уверенного бизнес-пользователя,3297,2,162,0
2026-04-04,122957,"Power BI с нуля: Power Query, модель данных, DAX, дашборды",1526,0,133,0
2026-04-04,121929,Excel VBA – Программирование макросов в Excel,1320,1,40,0
2026-04-04,121250,Microsoft Excel - Продвинутый пользователь Excel,1163,1,58,0
2026-04-04,119119,Excel: от новичка до уверенного бизнес-пользователя,4656,5,315,0
2026-04-04,111236,Power bi и язык DAX. Базовый уровень. Упор на маркетинг и ecom,1289,0,146,0
2026-04-05,244062,Анализ данных Python: с 0 до уверенного бизнес-пользователя,193,0,6,0
2026-04-05,223260,Аналитика и Data Science для менеджеров и гуманитариев,235,0,5,0
2026-04-05,220868,Power BI: от новичка до профессионала,369,0,2,0
2026-04-05,219647,Power BI Service: основное для бизнес-пользователей,406,0,4,0
2026-04-05,219191,Excel Power Query и Pivot:  от новичка до профессионала,232,0,1,0
2026-04-05,215033,Расширенный\Advanced DAX для бизнес-пользователей,799,0,18,0
2026-04-05,209880,Описательная статистика для оптимизации (тема: HR-аналитика),1461,0,38,0
2026-04-05,209760,Построение бизнес-ориентированной HR функции,52,0,2,0
2026-04-05,209479,Управление проектами преобразований (трансформационные проекты),64,0,7,0
2026-04-05,201431,Основы M в Power Query для бизнес-пользователей,78,0,4,0
2026-04-05,199534,Advanced\Расширенный Power Query для бизнес-пользователей,826,1,21,0
2026-04-05,192863,Практика оргпроектирования (организационный дизайн),192,0,2,0
2026-04-05,190679,"Microsoft Power BI, Power Query, DAX",1064,0,45,0
2026-04-05,185696,SQL: от новичка до уверенного бизнес-пользователя,529,0,29,0
2026-04-05,181875,SQL для всех: от начинающих до продвинутых,635,0,50,0
2026-04-05,175185,Excel: от новичка до аналитика,3083,2,51,0
2026-04-05,173117,Excel: основное для работы с массивами и базами данных,3437,2,114,0
2026-04-05,163258,Управление проектами: полное погружение в PMBOK-7,1779,1,89,0
2026-04-05,159477,Power Point:  от новичка до уверенного бизнес-пользователя,437,0,34,0
2026-04-05,153842,Аналитика в SPSS: от новичка до уверенного бизнес-пользователя,357,0,13,0
2026-04-05,146872,"Advanced Excel: поиск решений, аналитика и прогнозирование",3722,2,69,0
2026-04-05,144530,Excel Power Query и Pivot (+BI): с 0 до бизнес-пользователя,5238,3,192,0
2026-04-05,138385,Power BI: от новичка до уверенного бизнес-пользователя,3298,1,162,0
2026-04-05,122957,"Power BI с нуля: Power Query, модель данных, DAX, дашборды",1526,0,133,0
2026-04-05,121929,Excel VBA – Программирование макросов в Excel,1320,0,40,0
2026-04-05,121250,Microsoft Excel - Продвинутый пользователь Excel,1163,0,58,0
2026-04-05,119119,Excel: от новичка до уверенного бизнес-пользователя,4660,4,315,0
2026-04-05,111236,Power bi и язык DAX. Базовый уровень. Упор на маркетинг и ecom,1289,0,146,0
2026-04-06,244062,Анализ данных Python: с 0 до уверенного бизнес-пользователя,194,1,6,0
2026-04-06,223260,Аналитика и Data Science для менеджеров и гуманитариев,235,0,5,0
2026-04-06,220868,Power BI: от новичка до профессионала,370,1,2,0
2026-04-06,219647,Power BI Service: основное для бизнес-пользователей,407,1,4,0
2026-04-06,219191,Excel Power Query и Pivot:  от новичка до профессионала,232,0,1,0
2026-04-06,215033,Расширенный\Advanced DAX для бизнес-пользователей,800,1,18,0
2026-04-06,209880,Описательная статистика для оптимизации (тема: HR-аналитика),1464,3,38,0
2026-04-06,209760,Построение бизнес-ориентированной HR функции,52,0,2,0
2026-04-06,209479,Управление проектами преобразований (трансформационные проекты),64,0,7,0
2026-04-06,201431,Основы M в Power Query для бизнес-пользователей,78,0,4,0
2026-04-06,199534,Advanced\Расширенный Power Query для бизнес-пользователей,828,2,21,0
2026-04-06,192863,Практика оргпроектирования (организационный дизайн),193,1,2,0
2026-04-06,190679,"Microsoft Power BI, Power Query, DAX",1065,1,45,0
2026-04-06,185696,SQL: от новичка до уверенного бизнес-пользователя,529,0,29,0
2026-04-06,181875,SQL для всех: от начинающих до продвинутых,636,1,50,0
2026-04-06,175185,Excel: от новичка до аналитика,3088,5,51,0
2026-04-06,173117,Excel: основное для работы с массивами и базами данных,3442,5,115,1
2026-04-06,163258,Управление проектами: полное погружение в PMBOK-7,1779,0,89,0
2026-04-06,159477,Power Point:  от новичка до уверенного бизнес-пользователя,437,0,34,0
2026-04-06,153842,Аналитика в SPSS: от новичка до уверенного бизнес-пользователя,357,0,13,0
2026-04-06,146872,"Advanced Excel: поиск решений, аналитика и прогнозирование",3727,5,69,0
2026-04-06,144530,Excel Power Query и Pivot (+BI): с 0 до бизнес-пользователя,5245,7,194,2
2026-04-06,138385,Power BI: от новичка до уверенного бизнес-пользователя,3301,3,162,0
2026-04-06,122957,"Power BI с нуля: Power Query, модель данных, DAX, дашборды",1526,0,133,0
2026-04-06,121929,Excel VBA – Программирование макросов в Excel,1320,0,40,0
2026-04-06,121250,Microsoft Excel - Продвинутый пользователь Excel,1163,0,58,0
2026-04-06,119119,Excel: от новичка до уверенного бизнес-пользователя,4665,5,315,0
2026-04-06,111236,Power bi и язык DAX. Базовый уровень. Упор на маркетинг и ecom,1290,1,146,0
2026-04-07,244062,Анализ данных Python: с 0 до уверенного бизнес-пользователя,194,0,6,0
2026-04-07,223260,Аналитика и Data Science для менеджеров и гуманитариев,235,0,5,0
2026-04-07,220868,Power BI: от новичка до профессионала,370,0,2,0
2026-04-07,219647,Power BI Service: основное для бизнес-пользователей,407,0,4,0
2026-04-07,219191,Excel Power Query и Pivot:  от новичка до профессионала,232,0,1,0
2026-04-07,215033,Расширенный\Advanced DAX для бизнес-пользователей,800,0,18,0
2026-04-07,209880,Описательная статистика для оптимизации (тема: HR-аналитика),1466,2,38,0
2026-04-07,209760,Построение бизнес-ориентированной HR функции,52,0,2,0
2026-04-07,209479,Управление проектами преобразований (трансформационные проекты),65,1,7,0
2026-04-07,201431,Основы M в Power Query для бизнес-пользователей,78,0,4,0
2026-04-07,199534,Advanced\Расширенный Power Query для бизнес-пользователей,828,0,21,0
2026-04-07,192863,Практика оргпроектирования (организационный дизайн),193,0,2,0
2026-04-07,190679,"Microsoft Power BI, Power Query, DAX",1065,0,45,0
2026-04-07,185696,SQL: от новичка до уверенного бизнес-пользователя,529,0,29,0
2026-04-07,181875,SQL для всех: от начинающих до продвинутых,638,2,50,0
2026-04-07,175185,Excel: от новичка до аналитика,3089,1,51,0
2026-04-07,173117,Excel: основное для работы с массивами и базами данных,3443,1,115,0
2026-04-07,163258,Управление проектами: полное погружение в PMBOK-7,1780,1,89,0
2026-04-07,159477,Power Point:  от новичка до уверенного бизнес-пользователя,437,0,34,0
2026-04-07,153842,Аналитика в SPSS: от новичка до уверенного бизнес-пользователя,357,0,13,0
2026-04-07,146872,"Advanced Excel: поиск решений, аналитика и прогнозирование",3729,2,69,0
2026-04-07,144530,Excel Power Query и Pivot (+BI): с 0 до бизнес-пользователя,5251,6,195,1
2026-04-07,138385,Power BI: от новичка до уверенного бизнес-пользователя,3303,2,162,0
2026-04-07,122957,"Power BI для работы: от Excel к дашбордам (Power Query, DAX)",1527,1,133,0
2026-04-07,121929,Excel VBA – Программирование макросов в Excel,1321,1,40,0
2026-04-07,121250,Microsoft Excel - Продвинутый пользователь Excel,1163,0,58,0
2026-04-07,119119,Excel: от новичка до уверенного бизнес-пользователя,4669,4,315,0
2026-04-07,111236,Power bi и язык DAX. Базовый уровень. Упор на маркетинг и ecom,1290,0,146,0
2026-04-08,244062,Анализ данных Python: с 0 до уверенного бизнес-пользователя,194,0,6,0
2026-04-08,223260,Аналитика и Data Science для менеджеров и гуманитариев,235,0,5,0
2026-04-08,220868,Power BI: от новичка до профессионала,372,2,2,0
2026-04-08,219647,Power BI Service: основное для бизнес-пользователей,409,2,4,0
2026-04-08,219191,Excel Power Query и Pivot:  от новичка до профессионала,232,0,1,0
2026-04-08,215033,Расширенный\Advanced DAX для бизнес-пользователей,802,2,18,0
2026-04-08,209880,Описательная статистика для оптимизации (тема: HR-аналитика),1470,4,38,0
2026-04-08,209760,Построение бизнес-ориентированной HR функции,52,0,2,0
2026-04-08,209479,Управление проектами преобразований (трансформационные проекты),65,0,7,0
2026-04-08,201431,Основы M в Power Query для бизнес-пользователей,78,0,4,0
2026-04-08,199534,Advanced\Расширенный Power Query для бизнес-пользователей,830,2,21,0
2026-04-08,192863,Практика оргпроектирования (организационный дизайн),193,0,2,0
2026-04-08,190679,"Microsoft Power BI, Power Query, DAX",1067,2,45,0
2026-04-08,185696,SQL: от новичка до уверенного бизнес-пользователя,529,0,29,0
2026-04-08,181875,SQL для всех: от начинающих до продвинутых,638,0,50,0
2026-04-08,175185,Excel: от новичка до аналитика,3093,4,51,0
2026-04-08,173117,Excel: основное для работы с массивами и базами данных,3447,4,116,1
2026-04-08,163258,Управление проектами: полное погружение в PMBOK-7,1780,0,89,0
2026-04-08,159477,Power Point:  от новичка до уверенного бизнес-пользователя,437,0,34,0
2026-04-08,153842,Аналитика в SPSS: от новичка до уверенного бизнес-пользователя,357,0,13,0
2026-04-08,146872,"Advanced Excel: поиск решений, аналитика и прогнозирование",3733,4,70,1
2026-04-08,144530,Excel Power Query и Pivot (+BI): с 0 до бизнес-пользователя,5259,8,195,0
2026-04-08,138385,Power BI: от новичка до уверенного бизнес-пользователя,3306,3,162,0
2026-04-08,122957,"Power BI для работы: от Excel к дашбордам (Power Query, DAX)",1528,1,133,0
2026-04-08,121929,Excel VBA – Программирование макросов в Excel,1321,0,40,0
2026-04-08,121250,Microsoft Excel - Продвинутый пользователь Excel,1163,0,58,0
2026-04-08,119119,Excel: от новичка до уверенного бизнес-пользователя,4674,5,315,0
2026-04-08,111236,Power bi и язык DAX. Базовый уровень. Упор на маркетинг и ecom,1290,0,146,0
2026-04-09,244062,Анализ данных Python: с 0 до уверенного бизнес-пользователя,195,1,6,0
2026-04-09,223260,Аналитика и Data Science для менеджеров и гуманитариев,235,0,5,0
2026-04-09,220868,Power BI: от новичка до профессионала,372,0,2,0
2026-04-09,219647,Power BI Service: основное для бизнес-пользователей,409,0,4,0
2026-04-09,219191,Excel Power Query и Pivot:  от новичка до профессионала,233,1,1,0
2026-04-09,215033,Расширенный\Advanced DAX для бизнес-пользователей,804,2,18,0
2026-04-09,209880,Описательная статистика для оптимизации (тема: HR-аналитика),1471,1,38,0
2026-04-09,209760,Построение бизнес-ориентированной HR функции,52,0,2,0
2026-04-09,209479,Управление проектами преобразований (трансформационные проекты),65,0,7,0
2026-04-09,201431,Основы M в Power Query для бизнес-пользователей,78,0,4,0
2026-04-09,199534,Advanced\Расширенный Power Query для бизнес-пользователей,831,1,21,0
2026-04-09,192863,Практика оргпроектирования (организационный дизайн),194,1,2,0
2026-04-09,190679,"Microsoft Power BI, Power Query, DAX",1068,1,45,0
2026-04-09,185696,SQL: от новичка до уверенного бизнес-пользователя,529,0,29,0
2026-04-09,181875,SQL для всех: от начинающих до продвинутых,639,1,50,0
2026-04-09,175185,Excel: от новичка до аналитика,3097,4,51,0
2026-04-09,173117,Excel: основное для работы с массивами и базами данных,3452,5,116,0
2026-04-09,163258,Управление проектами: полное погружение в PMBOK-7,1782,2,89,0
2026-04-09,159477,Power Point:  от новичка до уверенного бизнес-пользователя,437,0,34,0
2026-04-09,153842,Аналитика в SPSS: от новичка до уверенного бизнес-пользователя,357,0,13,0
2026-04-09,146872,"Advanced Excel: поиск решений, аналитика и прогнозирование",3738,5,70,0
2026-04-09,144530,Excel Power Query и Pivot (+BI): с 0 до бизнес-пользователя,5266,7,195,0
2026-04-09,138385,Power BI: от новичка до уверенного бизнес-пользователя,3307,1,162,0
2026-04-09,122957,"Power BI для работы: от Excel к дашбордам (Power Query, DAX)",1529,1,133,0
2026-04-09,121929,Excel VBA – Программирование макросов в Excel,1321,0,40,0
2026-04-09,121250,Microsoft Excel - Продвинутый пользователь Excel,1163,0,58,0
2026-04-09,119119,Excel: от новичка до уверенного бизнес-пользователя,4679,5,316,1
2026-04-09,111236,Power bi и язык DAX. Базовый уровень. Упор на маркетинг и ecom,1290,0,146,0
